Serial Number,Employee name,Department name,Leave
1,Stanton Dellenbroker,Training,22
2,Eloise Georg,Product Management,21
3,Dorey Eastbrook,Research and Development,25
4,Darby Byham,Support,13
5,Culver Meekin,Research and Development,5
6,Currey Hobbert,Training,0
7,Harrietta Dancer,Research and Development,16
8,Nataline Joly,Business Development,14
9,Ester Gonnet,Sales,22
10,Desiree Mollindinia,Business Development,14
11,Zechariah Diviny,Business Development,7
12,Murdock Dockrey,Research and Development,22
13,Freida Ruby,Accounting,22
14,Gwendolyn Baniard,Support,7
15,Debbie Packham,Sales,14
16,Denver Yesichev,Support,10
17,Ashley Fere,Support,26
18,Aland Searby,Marketing,18
19,Robyn Ogilvie,Services,18
20,Sal Ainscow,Legal,10
21,Gavrielle O' Mahony,Research and Development,20
22,Maudie Kleiser,Training,17
23,Armstrong Dominey,Marketing,8
24,Andreas Stopford,Accounting,19
25,Bobinette Clemow,Training,27
26,Mirella Organer,Engineering,11
27,Hildegarde McNeigh,Engineering,2
28,Felizio Ruddock,Product Management,29
29,Jamesy Grattage,Business Development,3
30,Cheri Tender,Human Resources,20
31,Andre Nowakowska,Product Management,17
32,Marco Scattergood,Research and Development,29
33,Gunilla Cranshaw,Training,20
34,Dyane Goldby,Accounting,26
35,Herta Guess,Legal,30
36,Fields Maron,Marketing,21
37,Alanna Karp,Human Resources,5
38,Colas Mitkov,Engineering,29
39,Danika Pottie,Training,21
40,Thadeus Joburn,Sales,1
41,Hermy Delete,Product Management,28
42,Fanny Glentworth,Training,21
43,Vernon Oxtiby,Support,18
44,Nedi Cooley,Marketing,4
45,Owen Buckney,Business Development,2
46,Gherardo Vinall,Product Management,24
47,Sela Gallant,Accounting,13
48,Aksel Anstis,Human Resources,9
49,Jacquelyn Carvell,Product Management,18
50,Gilly Simmings,Services,4
51,Maurits Depper,Services,26
52,Curtis Rahlof,Marketing,8
53,Vernice Bruyntjes,Marketing,1
54,Gianina Stranks,Engineering,10
55,Berty McMyler,Marketing,30
56,Reg Beatty,Training,24
57,Sonnnie Couroy,Sales,15
58,Audi Huggen,Business Development,18
59,Gale McInally,Sales,29
60,Raffaello McKew,Services,15
61,Melisa Zarfai,Support,30
62,Tadeo Muscroft,Research and Development,9
63,Alexandro Easen,Product Management,4
64,Rianon Lindstrom,Product Management,30
65,Queenie Adamovitz,Product Management,29
66,Millicent Spridgeon,Engineering,19
67,Aldis Wilcocks,Training,22
68,Fremont Ingliby,Engineering,18
69,Kincaid Bellchamber,Accounting,4
70,Joyce Carlson,Product Management,23
71,Karen Taberner,Legal,2
72,Estella Potell,Support,20
73,Eryn Genery,Legal,17
74,Clare Aughton,Product Management,5
75,Giselbert Tilling,Engineering,25
76,Denise Kiddye,Human Resources,8
77,Benita Lumby,Marketing,1
78,Debbie Feldman,Support,21
79,Corly Baudin,Legal,5
80,Aubert Lumsdall,Product Management,5
81,Atlanta Bach,Engineering,18
82,Bonni Payle,Training,21
83,Nissie Goss,Business Development,12
84,Amandi Willoughley,Sales,13
85,Borg Muirden,Marketing,5
86,Randi Kelshaw,Product Management,28
87,Salomone Sproson,Engineering,2
88,Hillel Glantz,Human Resources,12
89,Yovonnda Pittaway,Legal,19
90,Pepito Sergison,Sales,16
91,Caddric Sholl,Support,7
92,Margaret MacBey,Sales,10
93,Ethelind Winspare,Training,22
94,Karena Hurndall,Support,15
95,Munmro Borsi,Support,25
96,Jaquelin Peter,Marketing,27
97,Kare Bednell,Human Resources,8
98,Rosalie Milazzo,Research and Development,23
99,Chan Farreil,Marketing,19
100,Aldwin Porritt,Accounting,0
101,Ernestine Grundey,Engineering,11
102,Clara Berceros,Marketing,8
103,Mohandis McGunley,Accounting,6
104,Shelby Adelberg,Services,10
105,Darb Yoxall,Marketing,29
106,Minnaminnie Lotwich,Accounting,6
107,Savina Rook,Marketing,9
108,Norris Dracksford,Research and Development,19
109,Elwood Roggero,Training,12
110,Lorenza Marshland,Services,19
111,Douglas Cant,Accounting,22
112,Phil Booij,Legal,25
113,Verna Matyushonok,Support,9
114,Romonda Cosson,Engineering,24
115,Myrle Grishechkin,Accounting,11
116,Lana Rossander,Research and Development,21
117,Rowena Henkens,Business Development,11
118,Calla Smidmor,Human Resources,15
119,Bettye Dalgliesh,Support,23
120,Lazar Francois,Services,7
121,Zahara Heball,Research and Development,6
122,Sile Bulcroft,Engineering,7
123,Kally Murton,Legal,22
124,Elfrieda Helliker,Marketing,25
125,Naomi Poat,Research and Development,14
126,Stanislaus Flaherty,Accounting,27
127,Katuscha O'Halloran,Legal,15
128,Nickolaus Kuban,Research and Development,15
129,Sheba Dudill,Engineering,30
130,Tamra Ayars,Product Management,4
131,Bobbe Rosendale,Training,5
132,Felice Angric,Sales,10
133,Sunny Allabarton,Product Management,17
134,Gamaliel Greggersen,Engineering,21
135,Niko Abbess,Sales,19
136,Willabella Domenichelli,Support,17
137,Rosamond Karpeev,Marketing,18
138,Leelah Harcombe,Sales,23
139,Rodger Leworthy,Legal,6
140,Waldo Farnan,Product Management,8
141,Jocelyne Kitteridge,Sales,29
142,Carleton Haskins,Support,22
143,Fanni Vellender,Research and Development,1
144,Rodolfo Extence,Human Resources,11
145,Cicily Ferrey,Sales,21
146,Saidee Griffitts,Engineering,8
147,Charis Henmarsh,Product Management,4
148,Robby Paxforde,Engineering,9
149,Kissee Dene,Support,14
150,Glen Cassell,Training,23
151,Stefano Romney,Services,14
152,Arlee Dinnis,Human Resources,4
153,Hatty Ackers,Legal,30
154,Adrian Mackieson,Engineering,27
155,Lorettalorna Morriss,Support,17
156,Sherwynd Scutt,Accounting,4
157,Baily Stoving,Business Development,1
158,Bartie MacLleese,Legal,29
159,Kacy Face,Training,7
160,Vinnie Feldon,Support,19
161,Tish McMonnies,Accounting,6
162,Freemon McGreil,Services,24
163,Lester Tungate,Legal,20
164,Albina Atlee,Sales,14
165,Krissie Gladden,Engineering,30
166,Juliet Sale,Training,17
167,Aubrey Spring,Business Development,5
168,Colleen Bygrove,Accounting,5
169,Reena Rozet,Support,19
170,Jaymie Waller,Business Development,0
171,Anissa Feedham,Product Management,30
172,Annabal Jantzen,Accounting,27
173,Ellene Rabson,Accounting,30
174,Yoshiko Raittie,Training,27
175,Robinet Semeradova,Business Development,4
176,Moria Boerderman,Accounting,23
177,Fernanda Bales,Sales,3
178,Torrin Yousef,Business Development,0
179,Bernadene Simson,Business Development,13
180,Ari Columbell,Marketing,20
181,Jackqueline Bang,Training,3
182,Barri Duplan,Training,10
183,Bram Leare,Engineering,6
184,Gennie Eaklee,Marketing,23
185,Huberto Amberson,Human Resources,14
186,Hana Ablett,Services,1
187,Yasmeen Kitley,Training,26
188,Amery Raun,Sales,8
189,Barclay Medmore,Services,23
190,Merline Frake,Engineering,13
191,Debee Blaxeland,Product Management,9
192,Steffen Olphert,Engineering,11
193,Theodoric Congreve,Product Management,27
194,Denver Sturch,Product Management,28
195,Ada Danford,Sales,11
196,Menard Basilotta,Legal,12
197,Harland Gearty,Engineering,12
198,Marcella Alton,Business Development,1
199,Erin Kellar,Marketing,14
200,Quintus Brech,Engineering,16
201,Dela Jessel,Sales,23
202,Georgie Matijasevic,Support,18
203,Kyle Menault,Support,2
204,Carlo Guiu,Research and Development,25
205,Meg Insley,Accounting,24
206,Putnam Purchall,Human Resources,21
207,Carlen Hekkert,Legal,23
208,Koressa Roston,Sales,23
209,Danny Novak,Human Resources,7
210,Gawen Myers,Engineering,13
211,Carlyn Vinick,Human Resources,13
212,Barbara-anne Jandera,Legal,30
213,Wiatt Duquesnay,Product Management,30
214,Candide Berr,Marketing,10
215,Rube Adrienne,Product Management,18
216,Joseito Powley,Marketing,16
217,Addison Hakking,Business Development,15
218,Alameda Ekkel,Services,11
219,Matthias Valintine,Sales,8
220,Imogen Whether,Services,9
221,Hobard Redan,Legal,23
222,Guenevere Alten,Sales,1
223,Brear Dello,Sales,0
224,Zita Degoey,Services,16
225,Shannen Meric,Legal,11
226,Marya Fortnon,Business Development,1
227,Kelsy Hanson,Research and Development,6
228,Terrence Tissiman,Engineering,29
229,Brande Creeboe,Services,12
230,Oralle Farrah,Business Development,29
231,Sherline Heaslip,Accounting,9
232,Ardyce Freeborne,Engineering,21
233,Maia Casino,Engineering,6
234,Pancho Barnewall,Legal,27
235,Pippy Chishull,Human Resources,13
236,Lorelei Olivari,Business Development,4
237,Delmer Niblock,Services,28
238,Dolorita Jozefiak,Training,13
239,Andrus Fireman,Training,6
240,Jocelyne Dunton,Training,0
241,Dione Ferrara,Marketing,29
242,Griffy Bumby,Product Management,10
243,Calley Courtliff,Services,22
244,Flore Chatband,Support,9
245,Fleurette Antonelli,Engineering,19
246,Rachele McVie,Business Development,0
247,Bette L'Episcopi,Accounting,8
248,Fae Cosgrave,Product Management,1
249,Wendy Bahike,Accounting,9
250,Mala Gioan,Human Resources,23
251,Ladonna Grassin,Sales,7
252,Cayla Albiston,Research and Development,9
253,Nikki Norster,Legal,1
254,Norean Banasik,Training,26
255,Dorri Balaison,Business Development,13
256,Mozelle Oglevie,Research and Development,16
257,Skippie Vitall,Research and Development,4
258,Gerrie Fullard,Sales,14
259,Isador Hammon,Human Resources,2
260,Oliver Betteriss,Business Development,9
261,Phyllida Jepp,Services,29
262,Opal Elvey,Engineering,14
263,Herbie Craise,Marketing,24
264,Hollie Karolewski,Training,4
265,Nanette Gibberd,Product Management,13
266,Horton Yewen,Legal,7
267,Morganne Gooble,Training,0
268,Andrej O'Cahey,Legal,0
269,Aleece Raggett,Human Resources,24
270,Lolly Harrod,Human Resources,14
271,Beulah Maloney,Business Development,6
272,Tedman Leman,Legal,18
273,Bartram Arundel,Marketing,4
274,Gelya Carloni,Research and Development,6
275,Jess Braybrooke,Training,5
276,Oralia Rioch,Accounting,0
277,Wilmette Defond,Accounting,25
278,Reese MacMakin,Engineering,13
279,Bea Morando,Product Management,10
280,Irina Fothergill,Product Management,7
281,Bruce Jay,Product Management,0
282,Sheena Casper,Services,19
283,Meade Jakeman,Legal,26
284,Jecho Shotbolt,Legal,13
285,Flossie McDowell,Engineering,9
286,Mirelle Wagnerin,Business Development,1
287,Brenden Humfrey,Engineering,21
288,Dode Kynder,Engineering,13
289,Charmain Gerge,Human Resources,25
290,Jewel Manwell,Sales,29
291,Paule Gleeson,Sales,8
292,Essie Inkin,Services,5
293,Alasteir Roskeilly,Services,7
294,Keefe Pinchen,Research and Development,8
295,Nat Toun,Accounting,27
296,Oriana Kernock,Sales,15
297,Trish Simoneschi,Product Management,8
298,Bendick Philipot,Research and Development,12
299,Cairistiona Boyde,Research and Development,12
300,Antonie Manjin,Training,6
301,Reagan Papis,Services,9
302,Noble Pohlak,Product Management,29
303,Hasheem Fairhurst,Support,12
304,Vernon Mulqueeny,Product Management,22
305,Isac Norcott,Accounting,11
306,Jori Sjollema,Product Management,9
307,Edna Bostock,Product Management,9
308,Thayne Le Count,Legal,30
309,Chico Kleinstern,Business Development,20
310,Amata Gaveltone,Engineering,10
311,Rubina Reinisch,Legal,4
312,Douglass Oret,Engineering,25
313,Ivie Guidoni,Engineering,27
314,Irma Carvell,Human Resources,8
315,Pip Glanders,Engineering,14
316,Davina McAuliffe,Legal,4
317,Clayborn Yaxley,Product Management,10
318,Debi Skill,Product Management,21
319,Laraine MacGall,Support,23
320,Tally Kretchmer,Human Resources,7
321,Thaine Menel,Research and Development,13
322,Dulci Mowsley,Sales,24
323,Bibbie Jagels,Human Resources,28
324,Sullivan Grabb,Services,11
325,Lilyan Troppmann,Research and Development,23
326,Othilia Eronie,Services,23
327,Cindi Avieson,Product Management,11
328,Christye Braxay,Accounting,19
329,Molli Rysom,Legal,16
330,Babita McCory,Product Management,9
331,Eben Crock,Sales,16
332,Gallard Marguerite,Sales,24
333,Iris Moutray Read,Legal,15
334,Marven Waggett,Marketing,29
335,Hoyt Cornelisse,Legal,13
336,Rori Beminster,Product Management,4
337,Devlin Pegrum,Human Resources,2
338,Cybil Meadows,Sales,23
339,Lyman O'Corrane,Research and Development,14
340,Erhart Mouan,Sales,0
341,Perle Keyme,Services,14
342,Odelia Bozier,Engineering,14
343,Julius Greer,Human Resources,11
344,Corella Pinner,Product Management,25
345,Patton Ryson,Accounting,5
346,Rhiamon Rounce,Engineering,12
347,Alyda Gawthrop,Engineering,19
348,Malvina Berkely,Sales,14
349,Alic Guyver,Training,0
350,Auberta Harbord,Marketing,2
351,Alys Nardi,Research and Development,25
352,Tammy Waeland,Accounting,19
353,Barnabe McTerry,Engineering,14
354,Hedi Grece,Legal,24
355,Morly Ashall,Business Development,5
356,Andeee Zoane,Support,0
357,Chrissy Jasper,Engineering,22
358,Rhianna Paulsen,Marketing,22
359,Tallulah Moorerud,Human Resources,1
360,Harbert Winspeare,Services,23
361,Nealson Blenkensop,Accounting,15
362,Jimmie Yanukhin,Engineering,18
363,Duke Andrichuk,Marketing,2
364,Mandi Pedrollo,Research and Development,10
365,Adela cornhill,Business Development,12
366,Thomasa Logue,Human Resources,24
367,Justin Quilleash,Human Resources,13
368,Salli Atthow,Services,0
369,Noella Devo,Legal,5
370,Paxton Alison,Research and Development,7
371,Temp Mattecot,Engineering,21
372,Kiele Cowles,Support,29
373,Dyanna Tewelson,Support,25
374,Skipp Pelcheur,Services,12
375,Leonelle Pickle,Legal,25
376,Alwyn Lemmen,Human Resources,8
377,Ceil Suston,Services,3
378,Ophelia Ledwich,Sales,26
379,Vinnie Mollatt,Marketing,1
380,Javier Landsberg,Training,12
381,Ferne Micklem,Business Development,11
382,Ethe Connichie,Sales,22
383,Ford Artrick,Human Resources,29
384,Zebulon Gerry,Marketing,12
385,Debi Stubbington,Accounting,10
386,Binnie Seymour,Legal,19
387,Tabor Darlison,Training,28
388,Kenyon Mayman,Marketing,1
389,Levey Beevis,Legal,13
390,Jorey Mayling,Engineering,25
391,Fleming Bebbington,Services,4
392,Tamar Domenichini,Product Management,4
393,Marris Howen,Accounting,19
394,Carolyn Kerner,Services,13
395,Marinna Menhenitt,Research and Development,18
396,Leeland Cromwell,Product Management,29
397,Julianne O'Gormley,Human Resources,16
398,Norina Petty,Legal,25
399,Gaspar Jorger,Marketing,2
400,Lorenza Narramor,Legal,8
401,Noellyn Slevin,Training,4
402,Nyssa Ghiriardelli,Services,0
403,Catharine Stuckford,Business Development,11
404,Helyn Radmer,Services,0
405,Rodney Ferrettino,Business Development,9
406,Kalle Brine,Product Management,8
407,Merilee Sidworth,Product Management,20
408,Audy Stoffels,Training,18
409,Jere Dwyer,Sales,27
410,Jack Deshorts,Support,13
411,Kane Bonaire,Marketing,10
412,Briana Duddle,Services,16
413,Tracy Courtenay,Accounting,2
414,Bowie Bessom,Engineering,4
415,Dayna Beardall,Product Management,2
416,Griff Suttell,Sales,1
417,Annnora Bunner,Sales,11
418,Tremaine Wrist,Services,6
419,Salvador Reader,Sales,30
420,Noella McKew,Engineering,29
421,Katherina Hallard,Marketing,23
422,Rivalee Growden,Product Management,18
423,Kial Moreno,Accounting,15
424,Orlando Markie,Support,27
425,Robinetta Armit,Research and Development,11
426,Sky McMeyler,Training,27
427,Bord Challiss,Accounting,20
428,Norbert Batterton,Engineering,21
429,Lavinie Mungane,Engineering,27
430,Donna Rossin,Research and Development,27
431,Stella Carlesso,Services,23
432,Dedie Twigley,Product Management,24
433,Juieta Oliphant,Sales,12
434,Imojean Cliffe,Services,22
435,Tristam Whickman,Business Development,7
436,Dulci MacKibbon,Research and Development,15
437,Brook Licciardo,Business Development,30
438,Dani Livock,Support,20
439,Dalia Nerheny,Human Resources,18
440,Bianca Firpo,Accounting,12
441,Frank Dighton,Training,5
442,Toma Brindle,Sales,17
443,Emlen Evenett,Sales,0
444,Peadar Kingerby,Sales,15
445,Jillie Annis,Accounting,12
446,Odette Sides,Legal,12
447,Homerus Sleeman,Accounting,14
448,Hill Beckworth,Human Resources,7
449,Nance Motton,Human Resources,27
450,Brandy Branthwaite,Sales,22
451,Bambie Scamadine,Business Development,8
452,Jermaine Ferrini,Legal,2
453,Meredithe Olney,Engineering,7
454,Frazier Dagger,Product Management,1
455,Hynda Krzysztofiak,Marketing,4
456,Leena Areles,Business Development,19
457,Georas Seabrooke,Product Management,5
458,Ariadne Manis,Services,6
459,Kathie Deeks,Accounting,25
460,Sheila-kathryn Benner,Product Management,14
461,Claudio Hutchinges,Sales,1
462,Lenette Blainey,Marketing,29
463,Ricard Critch,Legal,27
464,Bruno Hendin,Research and Development,4
465,Gabbie Cattermoul,Support,17
466,Dianne Oggers,Product Management,10
467,Randolf Dymidowski,Training,16
468,Eldin Bagshawe,Product Management,12
469,Benedetta Jervoise,Human Resources,19
470,Louise Airy,Training,18
471,Francis Wisbey,Marketing,9
472,Lidia Reddin,Accounting,8
473,Georas Ghidoni,Training,13
474,Nerte Barrie,Research and Development,21
475,Kara Carnegie,Legal,6
476,Muffin Feek,Engineering,23
477,Marjy Meeus,Support,4
478,Gratiana Lydden,Business Development,5
479,Noelle holmes,Legal,3
480,Nikolai Gurnell,Accounting,2
481,Kristopher Greggersen,Sales,9
482,Janet Fritche,Services,10
483,Bartlet Youings,Legal,29
484,Marie-jeanne Coste,Support,13
485,Rosina Bartell,Engineering,3
486,Justen Pennigar,Product Management,23
487,Damara Diment,Human Resources,15
488,Helge Deighan,Training,21
489,Cybill Hassen,Accounting,7
490,Murdock Clemonts,Training,15
491,Nappy Allibone,Legal,8
492,Jamey Pexton,Legal,11
493,Heida Mansfield,Human Resources,15
494,Lilla Bracey,Business Development,5
495,Jan Allenson,Accounting,16
496,Kelila Watling,Product Management,30
497,Hortense Sibbet,Human Resources,9
498,Gunther Valsler,Sales,26
499,Eada Couth,Product Management,2
500,Walt Littlekit,Engineering,1
501,Gaby Guice,Services,2
502,Cornelius Skirvane,Research and Development,13
503,Heall Sherington,Marketing,19
504,Agneta Kingaby,Services,10
505,Gnni Jelks,Product Management,18
506,Hall Saller,Engineering,10
507,Zedekiah Instock,Services,14
508,Johnette Fourmy,Training,24
509,Raul Jirousek,Business Development,22
510,Timmie Canada,Business Development,25
511,Tomlin Eddow,Accounting,5
512,Calypso Jessel,Marketing,30
513,Rabi Oganian,Legal,22
514,Tanny Marcinkus,Support,14
515,Hephzibah De Andisie,Product Management,30
516,Rollins Ladewig,Support,22
517,Bevin Knightsbridge,Human Resources,23
518,Chris Apark,Training,4
519,Cordula Ayree,Support,30
520,Cris Duckfield,Legal,9
521,Sander Mardy,Accounting,11
522,Artemis Fairleigh,Legal,11
523,Nadean Apple,Accounting,0
524,Kaila Upson,Services,30
525,Zane Hearty,Accounting,27
526,Kinsley Langtree,Engineering,4
527,Felicity Vasilik,Engineering,27
528,Johannah Millis,Services,26
529,Brook Yesenev,Training,6
530,Craggie Alwen,Services,8
531,Zelma Mattusov,Research and Development,19
532,Darb Pelerin,Marketing,23
533,Cliff Barlee,Support,0
534,Laney Waplington,Marketing,28
535,Ailis Verey,Engineering,14
536,Ahmad Dwelly,Accounting,18
537,Tabor Balls,Services,5
538,Ike Tosdevin,Business Development,29
539,Pauly Frangione,Research and Development,1
540,Lee Siemantel,Training,30
541,Nilson Gamage,Accounting,1
542,Eleen Rastrick,Research and Development,3
543,Zack Phillput,Marketing,12
544,Syman Fettis,Product Management,28
545,Jacqueline Mixer,Training,14
546,Joan Walrond,Training,25
547,Elysia Meiner,Support,12
548,Nicolea Skain,Marketing,30
549,Alix Scarse,Product Management,0
550,Nicky Bain,Engineering,6
551,Edita Tilley,Human Resources,2
552,Courtney Vaux,Support,8
553,Carma Gerold,Training,26
554,Jereme Walentynowicz,Marketing,7
555,Ulberto Tran,Services,28
556,Nancey O'Connell,Training,1
557,Alma Fery,Product Management,13
558,Raffarty Meyrick,Accounting,27
559,Aaron Babcock,Product Management,3
560,Jodie Tredgold,Training,1
561,Shaylyn Gilhool,Human Resources,20
562,Haven Giannasi,Support,24
563,Lorilee Kluger,Accounting,14
564,Mayor Dunnet,Legal,4
565,Roby Booth-Jarvis,Product Management,7
566,Cass Evens,Marketing,17
567,Helli Wetherburn,Accounting,19
568,Kial Imms,Support,3
569,Jolynn Ambrosoni,Product Management,11
570,Wilek Tipperton,Services,18
571,Cooper McTrustey,Support,2
572,Eula Kebbell,Human Resources,13
573,Fey Thirst,Marketing,19
574,Briana Pavyer,Support,29
575,Maisey Meagh,Product Management,17
576,Franklyn Kennedy,Human Resources,21
577,Claire Shoard,Support,22
578,Conway Bottomore,Engineering,6
579,Amandie Gracewood,Accounting,28
580,Olly Brind,Human Resources,22
581,Arnuad Matcham,Legal,26
582,Gina Gerner,Research and Development,26
583,Taylor Lardiner,Accounting,21
584,Giselbert Nelane,Accounting,18
585,Abbey Ficken,Product Management,6
586,Maryjo Smittoune,Business Development,3
587,Em Izsak,Product Management,13
588,Lenard McCreary,Human Resources,25
589,Sherlocke Amey,Sales,22
590,Darcy Arnli,Sales,2
591,Tom Camamill,Business Development,30
592,Faulkner Ludgate,Engineering,14
593,Joseito Lovett,Training,20
594,Cloris Buncher,Legal,26
595,Charlton Rospars,Legal,9
596,Urson Carnew,Accounting,7
597,Wylie Gossling,Support,14
598,Gert Mandifield,Services,28
599,Bunni Blayd,Services,16
600,Jehanna Rosenshine,Legal,12
601,Magdalena Iapico,Engineering,0
602,Talyah Ellesworthe,Training,10
603,Winston Baughn,Services,5
604,Aggi Latey,Business Development,21
605,Cassaundra Barhims,Sales,18
606,Erna Predohl,Support,6
607,Simona Syder,Research and Development,3
608,Melisande Arlott,Human Resources,20
609,Carlene Clears,Research and Development,13
610,Misha Sidgwick,Product Management,19
611,Heidi Fernant,Sales,5
612,Lyon Plaster,Sales,26
613,Ivory Aaronson,Human Resources,1
614,Salmon Laver,Human Resources,12
615,Mariellen Cunniff,Services,0
616,Pet McKean,Product Management,4
617,Benoite MacCathay,Accounting,21
618,Arney Cannicott,Engineering,10
619,Gavan Cruft,Support,15
620,Jamil Cordeix,Legal,2
621,Cherrita Hawyes,Research and Development,2
622,Ruy Brecher,Legal,17
623,Osmond Liles,Training,14
624,Olga Matterface,Engineering,15
625,Morganica Pitrasso,Support,8
626,Cherilynn Nerheny,Services,20
627,Stella Drewett,Accounting,24
628,Lorne Wells,Support,19
629,Celestina Gatherer,Training,2
630,Simona Groves,Engineering,19
631,Kathi Escala,Training,24
632,Brett Howis,Marketing,30
633,Sherman Lafrentz,Human Resources,29
634,Parrnell Muscroft,Marketing,14
635,Avie Pailin,Accounting,29
636,Silvanus Simeoli,Accounting,6
637,Calley Hadlington,Sales,22
638,Cordula Wales,Product Management,24
639,Kizzie Gorringe,Sales,28
640,Vergil Sydes,Research and Development,23
641,Ettore Mollett,Product Management,8
642,Merrill Oty,Human Resources,4
643,Suzette Tilmouth,Marketing,18
644,Pearla Divell,Research and Development,3
645,Correy Waryk,Training,8
646,Emelina Jewel,Marketing,3
647,Rochell Ingry,Training,15
648,Carrissa Dempsey,Accounting,6
649,Tessa Littrick,Sales,17
650,Idette Nattrass,Training,16
651,Charlotte Maxfield,Human Resources,12
652,Gwenneth Lukasik,Services,4
653,Brit Fulford,Engineering,21
654,Pavlov Broggetti,Training,18
655,Matilda Patchett,Legal,18
656,Moore Lecky,Product Management,30
657,Terra Ronchi,Accounting,30
658,Sawyer Bellham,Human Resources,14
659,Gennifer Kulas,Research and Development,6
660,Donn Probbings,Sales,2
661,Sallee Berney,Support,24
662,Ginni Smullen,Business Development,16
663,Tiffany Amos,Marketing,24
664,Monique Buckel,Business Development,5
665,Marsh Betjes,Training,29
666,Stinky Thurner,Marketing,2
667,Bert Earthfield,Marketing,1
668,Spence Lawles,Sales,17
669,Rochell Castagneto,Legal,20
670,Caitlin Gomby,Engineering,7
671,Konstantin Kahan,Legal,1
672,Alec Petrov,Legal,14
673,Fidole Meckiff,Accounting,23
674,Remus Hews,Sales,10
675,Rubie McGuffie,Services,28
676,Ibby Epine,Engineering,3
677,Mariam Bresnahan,Services,10
678,Renard Bingham,Product Management,8
679,Emily Boost,Engineering,19
680,Gale Gammage,Engineering,29
681,Ignacius Sherston,Human Resources,2
682,Jenifer Enoch,Marketing,25
683,Bethena Ovid,Marketing,0
684,Shari Billison,Services,29
685,Doyle Demangeon,Accounting,27
686,Andonis Dod,Human Resources,27
687,Millie Josephi,Legal,11
688,Parrnell Jewell,Accounting,24
689,Neddy Leeuwerink,Legal,23
690,Bianka Le Bosse,Business Development,11
691,Suzette Ajam,Support,10
692,Kathy Muck,Legal,27
693,Dorella Twigger,Marketing,20
694,Carma Griffoen,Engineering,15
695,Tracey Demonge,Support,3
696,Amandie Pilcher,Human Resources,21
697,Faun McMyler,Business Development,2
698,Tiffi Weatherhill,Support,3
699,Garek Sodor,Marketing,27
700,Penrod Molan,Support,5
701,Chip Verling,Product Management,18
702,Nicholas Fellibrand,Sales,26
703,Alaric Selborne,Human Resources,21
704,Jill Duckers,Research and Development,18
705,Lucine Domeny,Engineering,16
706,Lucila Bilt,Accounting,29
707,El Shears,Legal,11
708,Quinta Ellins,Accounting,20
709,Elisa Basini-Gazzi,Support,4
710,Alla Martinuzzi,Human Resources,3
711,Evvie Effnert,Marketing,3
712,Daryl Vedstra,Services,7
713,Ronnie Jedryka,Research and Development,2
714,Jed Holbie,Product Management,6
715,Lenette Freathy,Support,17
716,Querida Marlon,Research and Development,17
717,Mart Sheilds,Product Management,25
718,Elton Mowat,Accounting,7
719,Harriette Cale,Human Resources,20
720,Iorgo Arnal,Engineering,19
721,Annabel Giddins,Business Development,2
722,Marcelle Bauckham,Research and Development,2
723,Gabi Turfes,Training,21
724,Hastings Swayne,Support,7
725,Thebault Sotheron,Training,2
726,Debor Laurens,Training,15
727,Danella Blamires,Services,5
728,Horatius Oda,Services,30
729,Fernandina Gorusso,Sales,7
730,Brian Godart,Business Development,30
731,Mano Lauridsen,Research and Development,27
732,Ives Beedell,Marketing,12
733,Ethe Creaser,Marketing,17
734,Gael Lamport,Human Resources,30
735,Oswald MacCole,Product Management,10
736,Marillin Lavall,Marketing,0
737,Stacia Scholtz,Marketing,29
738,Ilysa Devers,Accounting,8
739,Cherilyn Brisseau,Research and Development,0
740,Rodolph Hercock,Engineering,22
741,Bradan Beastall,Support,1
742,Alwin Mellon,Accounting,27
743,Luther Wentworth,Business Development,4
744,Paquito Mulran,Business Development,7
745,Wolf Odgaard,Research and Development,15
746,Cybil Treen,Legal,13
747,Jedediah Gisby,Training,25
748,Franklin Millimoe,Marketing,27
749,Sari Queree,Marketing,2
750,Ruddy Hovenden,Human Resources,30
751,Barnaby Gabbat,Engineering,7
752,Heinrik Rosnau,Marketing,21
753,Krisha Purkess,Business Development,15
754,Shelly Burrells,Sales,23
755,Roxie Sabates,Support,21
756,Thibaud Blayney,Support,9
757,Rea Oliveto,Engineering,14
758,Mahalia Aveyard,Engineering,19
759,Gwenora Burnsell,Sales,1
760,Tiebout Shorbrook,Services,6
761,Caitrin Buckenham,Human Resources,21
762,Cassi Graeme,Accounting,5
763,Carine Yesson,Accounting,14
764,Cos Skittrall,Sales,3
765,Evvy Riddeough,Business Development,8
766,Hetti Dur,Accounting,20
767,Viola Jedrzejewsky,Product Management,3
768,Marylinda Martino,Engineering,6
769,Willow Micah,Support,21
770,Merrielle Trynor,Marketing,0
771,Dalia Ashwood,Marketing,26
772,Celine Smeeth,Legal,20
773,Mandel Milhench,Research and Development,24
774,Waylon Soeiro,Legal,14
775,Paige Aird,Engineering,29
776,Eddie Bloxsom,Business Development,28
777,Gerardo Conneely,Marketing,7
778,Ynez Issakov,Human Resources,11
779,Reilly Duffer,Engineering,26
780,Paule Rossbrooke,Engineering,5
781,Cilka Garm,Training,12
782,Tatum Phant,Human Resources,25
783,Andree Woloschin,Engineering,8
784,Armando Mico,Engineering,23
785,Dale Antram,Human Resources,7
786,Troy Purkiss,Accounting,9
787,Chris Adam,Engineering,1
788,Alix Skeen,Support,24
789,Lacey Sealeaf,Support,1
790,North Filchagin,Marketing,27
791,Eulalie Giabuzzi,Engineering,4
792,Jeanne Ponter,Sales,9
793,Davey Chatburn,Research and Development,4
794,Lethia Wavish,Engineering,4
795,Berton Hallihan,Accounting,14
796,Remus Kesey,Product Management,18
797,Yancy Clemitt,Human Resources,22
798,Bernelle Mapham,Engineering,7
799,Charline Eyckelbeck,Product Management,15
800,Donnie Hallum,Training,26
801,Karia Peltz,Services,14
802,Tansy Jewster,Sales,13
803,Ryun Kissack,Research and Development,30
804,Inger Hollidge,Support,10
805,Brigham Lyosik,Training,26
806,Leia Baldick,Accounting,8
807,Isaac Shenfish,Services,8
808,Lilas Wainscot,Training,1
809,Shaine Touson,Services,19
810,Siusan Ezzy,Services,28
811,Gerri Stangroom,Sales,15
812,Mariel Lestor,Human Resources,3
813,Sansone Kiggel,Business Development,15
814,Charyl MacCard,Legal,7
815,Marilee Scholig,Research and Development,24
816,Silvain Mead,Training,21
817,Tod Drinan,Research and Development,11
818,Any de Guise,Business Development,29
819,Sibel Simeon,Services,11
820,Anna-diana Emanuel,Accounting,29
821,Rudd Lavington,Engineering,4
822,Kaylyn Podbury,Engineering,3
823,Jehanna Northgraves,Support,11
824,Erl Walcar,Sales,13
825,Rocky Mosby,Services,20
826,Sabra Axworthy,Engineering,23
827,Evelin MacVean,Research and Development,5
828,Hill Matei,Services,16
829,Sancho Hurd,Sales,29
830,Waldon Peyto,Accounting,10
831,Eartha MacGuffog,Sales,22
832,Dorie Anthes,Research and Development,9
833,Cortney Chafer,Product Management,7
834,Osmond Pescod,Engineering,30
835,Vinita Doddrell,Business Development,5
836,Lillian Pinkerton,Business Development,25
837,Stephi Hillum,Human Resources,8
838,Letitia Downing,Research and Development,26
839,Athene Frankham,Training,22
840,Pearla Reggler,Marketing,4
841,Bettina Stirrip,Engineering,8
842,Isador Potkin,Legal,23
843,Anna-maria Kuhnke,Support,14
844,Ailey Lemmon,Human Resources,7
845,Maddalena Davis,Sales,14
846,Jan Borkin,Business Development,4
847,Arabelle Sollitt,Sales,18
848,Priscella Marquiss,Human Resources,25
849,Klaus Bowra,Support,30
850,Merell Culmer,Marketing,3
851,Bee Barnwell,Sales,19
852,Claretta Whittock,Engineering,24
853,Sayer Fealy,Accounting,12
854,Alberik Frift,Marketing,15
855,Josephine Batch,Marketing,14
856,Bertha Eastmond,Accounting,15
857,Nanni Piers,Support,19
858,Barby Halbert,Marketing,23
859,Alyss Okker,Legal,15
860,Gene Muro,Human Resources,26
861,Brita Beddoes,Support,13
862,Jeremy Lardez,Support,11
863,Asher Grizard,Sales,11
864,Britt Myrick,Services,28
865,Skipp Ewence,Training,24
866,Graig Minchin,Services,11
867,Alexa Sunner,Legal,5
868,Linell Iacovaccio,Marketing,20
869,Shell Govett,Services,18
870,Colman McPhater,Accounting,18
871,Milissent Tinsley,Training,21
872,Quentin Hamshaw,Legal,0
873,Tate Kleimt,Marketing,8
874,Grace De Ambrosi,Accounting,30
875,Adolphe Bourges,Legal,23
876,Margarette Eddington,Research and Development,26
877,Justen Bonwell,Training,21
878,Courtney Canaan,Support,7
879,Pauly Carver,Engineering,1
880,Maureene Spurgeon,Legal,25
881,Yorker Guwer,Business Development,27
882,Rianon Laister,Legal,1
883,Merell Keeler,Legal,28
884,Chic Thomen,Sales,22
885,Tania Jerromes,Accounting,16
886,Rachele Ridel,Human Resources,19
887,Onfre Broome,Support,27
888,Tricia MacKeeg,Business Development,17
889,Minetta Beard,Services,23
890,Abbey Penrose,Training,25
891,Heath Buney,Product Management,19
892,Helaina Clarke-Williams,Training,6
893,Letta Ree,Accounting,19
894,Cleavland Mowatt,Training,28
895,Benny McCurlye,Accounting,26
896,Poul Ramsdell,Sales,12
897,Tremayne Fogt,Human Resources,23
898,Patrice Askell,Business Development,0
899,Prudi Aslin,Support,24
900,Aeriell Smitherman,Engineering,8
901,Olympie Minocchi,Marketing,12
902,Korie Karlicek,Support,26
903,Jabez Andrusov,Engineering,25
904,Emlyn Hasson,Sales,25
905,Erskine Goozee,Services,30
906,Odilia Gayne,Engineering,19
907,Dalston Braybrookes,Product Management,17
908,Abel Kobisch,Services,0
909,Taber Swinfon,Research and Development,12
910,Case Loughman,Business Development,11
911,Liva Cridlon,Support,17
912,Lolita Poluzzi,Product Management,1
913,Eugenio Buck,Training,23
914,Minta Semken,Product Management,25
915,Marcelo Plenty,Product Management,11
916,Zach Pearsall,Training,8
917,Stella Joslin,Business Development,19
918,May O'Mailey,Business Development,4
919,Bernadine Wince,Business Development,1
920,Bradney Hannen,Business Development,28
921,Mallissa Boshere,Human Resources,0
922,Niko Setterington,Business Development,6
923,Othella Cases,Human Resources,20
924,Antoine Guilloud,Marketing,10
925,Maureen Ghelarducci,Legal,0
926,Neale Ancketill,Accounting,19
927,Adora Folkes,Sales,7
928,Ernesta Lobe,Training,7
929,Susy Lafaye,Training,0
930,Christie Escritt,Services,19
931,Gage Martinho,Training,10
932,Bryan Wilmott,Sales,10
933,Eleonora Davenall,Services,22
934,Gwenore Gunthorpe,Services,24
935,Rowan Buterton,Sales,10
936,Ludvig Lamonby,Business Development,7
937,Alejandra Bills,Training,28
938,Rani Manthroppe,Legal,21
939,Olympie Le Galle,Accounting,7
940,Ninette Nesey,Business Development,30
941,Sharyl Surtees,Engineering,15
942,Tiphanie Mobbs,Services,4
943,Jake Abrahmson,Services,20
944,Maxie Tyne,Accounting,7
945,Mandi Randalston,Legal,25
946,Jozef Callow,Human Resources,1
947,Kip Somerled,Product Management,19
948,Skipp O'Haire,Human Resources,23
949,Suzann Custy,Business Development,13
950,Adore Cowland,Legal,21
951,Cleon Pollington,Training,17
952,Ricky Minards,Marketing,4
953,Kristine Naisby,Business Development,11
954,Elianore Beal,Accounting,14
955,Keenan Spellward,Sales,19
956,Milton Beveredge,Human Resources,18
957,Abram Zanardii,Services,1
958,Falkner Skinner,Legal,9
959,Nonie Danelutti,Business Development,11
960,Beck Robecon,Services,7
961,Cosme Hedley,Product Management,5
962,Lorelei Kynnd,Support,10
963,Chris Cope,Engineering,3
964,Aldus O'Crotty,Marketing,29
965,Richard Veschambes,Services,8
966,Renate Meynell,Product Management,21
967,Shellysheldon Angless,Support,11
968,Adiana Towle,Product Management,9
969,Grant Keward,Product Management,8
970,Loydie Raccio,Training,30
971,Pietra Iozefovich,Legal,16
972,Ara Fessler,Legal,15
973,Rory Kellar,Business Development,24
974,Simone Nealand,Engineering,28
975,Elvira Kettow,Services,13
976,Maris Valintine,Legal,13
977,Morgen Howick,Business Development,16
978,Leena Bradbrook,Support,20
979,Mollie Mompesson,Support,12
980,Lorin Lyddyard,Product Management,20
981,Madalyn Hyndley,Research and Development,25
982,Donnell Inskipp,Engineering,28
983,Joanne Harwick,Engineering,23
984,Georas Stanier,Training,21
985,Crichton Fishly,Services,5
986,Job Firpo,Engineering,14
987,Willy Chase,Accounting,29
988,Tine Caunter,Engineering,4
989,Akim Wankling,Research and Development,12
990,Cosimo Palmby,Training,25
991,Halsey MacDuff,Research and Development,25
992,Elwin Eckersall,Training,5
993,Ulberto Crallan,Human Resources,28
994,Gabriele Grummitt,Legal,8
995,Cherry Deniske,Human Resources,6
996,Weider Wallbrook,Services,10
997,Morgen Bilney,Legal,15
998,Ethe Deehan,Legal,28
999,Ignazio Pakenham,Services,29
1000,Phyllys Bellerby,Marketing,22
